{"assets/images/Animation_chat_loading.json":["assets/images/Animation_chat_loading.json"],"assets/images/ic_Send.svg":["assets/images/ic_Send.svg"],"assets/images/ic_appBarAction.svg":["assets/images/ic_appBarAction.svg"],"assets/images/ic_copy.svg":["assets/images/ic_copy.svg"],"assets/images/ic_dino.svg":["assets/images/ic_dino.svg"],"assets/images/ic_pupple.svg":["assets/images/ic_pupple.svg"],"assets/images/ic_retry.svg":["assets/images/ic_retry.svg"],"assets/images/ic_stopLoading.svg":["assets/images/ic_stopLoading.svg"],"assets/images/placeholder_mytour.svg":["assets/images/placeholder_mytour.svg"],"packages/cupertino_icons/assets/CupertinoIcons.ttf":["packages/cupertino_icons/assets/CupertinoIcons.ttf"]}