{"nm":"typing dots","ddd":0,"h":86,"w":169,"meta":{"g":"LottieFiles AE "},"layers":[{"ty":4,"nm":"dot 3","sr":1,"st":0,"op":600.000024438501,"ip":0,"hd":false,"ddd":0,"bm":0,"hasMask":false,"ao":0,"ks":{"a":{"a":0,"k":[-7.508,2.492,0],"ix":1},"s":{"a":1,"k":[{"o":{"x":0.333,"y":0},"i":{"x":0.667,"y":1},"s":[100,100,100],"t":9},{"o":{"x":0.333,"y":0},"i":{"x":0.667,"y":1},"s":[80,80,100],"t":16},{"s":[100,100,100],"t":25.0000010182709}],"ix":6},"sk":{"a":0,"k":0},"p":{"a":1,"k":[{"o":{"x":0.333,"y":0},"i":{"x":0.833,"y":0.833},"s":[133.492,44.742,0],"t":9,"ti":[0,0,0],"to":[0,-2.167,0]},{"o":{"x":0.302,"y":0},"i":{"x":0.71,"y":0.913},"s":[133.492,31.742,0],"t":17,"ti":[0,-3.027,0],"to":[0,0,0]},{"o":{"x":0.215,"y":1},"i":{"x":0.833,"y":0.833},"s":[133.492,41.694,0],"t":21,"ti":[0,-0.493,0],"to":[0,1.27,0]},{"s":[133.492,44.742,0],"t":40.0000016292334}],"ix":2},"r":{"a":0,"k":0,"ix":10},"sa":{"a":0,"k":0},"o":{"a":0,"k":100,"ix":11}},"ef":[],"shapes":[{"ty":"gr","bm":0,"hd":false,"mn":"ADBE Vector Group","nm":"Ellipse 1","ix":1,"cix":2,"np":3,"it":[{"ty":"el","bm":0,"hd":false,"mn":"ADBE Vector Shape - Ellipse","nm":"Ellipse Path 1","d":1,"p":{"a":0,"k":[0,0],"ix":3},"s":{"a":0,"k":[26.984,26.984],"ix":2}},{"ty":"st","bm":0,"hd":false,"mn":"ADBE Vector Graphic - Stroke","nm":"Stroke 1","lc":1,"lj":1,"ml":4,"o":{"a":0,"k":100,"ix":4},"w":{"a":0,"k":0,"ix":5},"c":{"a":0,"k":[1,1,1],"ix":3}},{"ty":"fl","bm":0,"hd":false,"mn":"ADBE Vector Graphic - Fill","nm":"Fill 1","c":{"a":0,"k":[0.102,0.1255,0.1725],"ix":4},"r":1,"o":{"a":0,"k":100,"ix":5}},{"ty":"tr","a":{"a":0,"k":[0,0],"ix":1},"s":{"a":0,"k":[100,100],"ix":3},"sk":{"a":0,"k":0,"ix":4},"p":{"a":0,"k":[-7.508,2.492],"ix":2},"r":{"a":0,"k":0,"ix":6},"sa":{"a":0,"k":0,"ix":5},"o":{"a":0,"k":100,"ix":7}}]}],"ind":1},{"ty":4,"nm":"dot 2","sr":1,"st":0,"op":600.000024438501,"ip":0,"hd":false,"ddd":0,"bm":0,"hasMask":false,"ao":0,"ks":{"a":{"a":0,"k":[-7.508,2.492,0],"ix":1},"s":{"a":1,"k":[{"o":{"x":0.167,"y":0.167},"i":{"x":0.833,"y":0.833},"s":[100,100,100],"t":5},{"o":{"x":0.167,"y":0.167},"i":{"x":0.833,"y":0.833},"s":[80,80,100],"t":12},{"s":[100,100,100],"t":21.0000008553475}],"ix":6},"sk":{"a":0,"k":0},"p":{"a":1,"k":[{"o":{"x":0.333,"y":0},"i":{"x":0.833,"y":0.833},"s":[83.492,44.742,0],"t":5,"ti":[0,0,0],"to":[0,-2.167,0]},{"o":{"x":0.302,"y":0},"i":{"x":0.71,"y":0.913},"s":[83.492,31.742,0],"t":13,"ti":[0,-3.027,0],"to":[0,0,0]},{"o":{"x":0.215,"y":1},"i":{"x":0.833,"y":0.833},"s":[83.492,41.694,0],"t":17,"ti":[0,-0.493,0],"to":[0,1.27,0]},{"s":[83.492,44.742,0],"t":36.0000014663101}],"ix":2},"r":{"a":0,"k":0,"ix":10},"sa":{"a":0,"k":0},"o":{"a":0,"k":100,"ix":11}},"ef":[],"shapes":[{"ty":"gr","bm":0,"hd":false,"mn":"ADBE Vector Group","nm":"Ellipse 1","ix":1,"cix":2,"np":3,"it":[{"ty":"el","bm":0,"hd":false,"mn":"ADBE Vector Shape - Ellipse","nm":"Ellipse Path 1","d":1,"p":{"a":0,"k":[0,0],"ix":3},"s":{"a":0,"k":[26.984,26.984],"ix":2}},{"ty":"st","bm":0,"hd":false,"mn":"ADBE Vector Graphic - Stroke","nm":"Stroke 1","lc":1,"lj":1,"ml":4,"o":{"a":0,"k":100,"ix":4},"w":{"a":0,"k":0,"ix":5},"c":{"a":0,"k":[1,1,1],"ix":3}},{"ty":"fl","bm":0,"hd":false,"mn":"ADBE Vector Graphic - Fill","nm":"Fill 1","c":{"a":0,"k":[0.102,0.1255,0.1725],"ix":4},"r":1,"o":{"a":0,"k":100,"ix":5}},{"ty":"tr","a":{"a":0,"k":[0,0],"ix":1},"s":{"a":0,"k":[100,100],"ix":3},"sk":{"a":0,"k":0,"ix":4},"p":{"a":0,"k":[-7.508,2.492],"ix":2},"r":{"a":0,"k":0,"ix":6},"sa":{"a":0,"k":0,"ix":5},"o":{"a":0,"k":100,"ix":7}}]}],"ind":2},{"ty":4,"nm":"dot 1","sr":1,"st":0,"op":600.000024438501,"ip":0,"hd":false,"ddd":0,"bm":0,"hasMask":false,"ao":0,"ks":{"a":{"a":0,"k":[-7.508,2.492,0],"ix":1},"s":{"a":1,"k":[{"o":{"x":0.167,"y":0.167},"i":{"x":0.833,"y":0.833},"s":[100,100,100],"t":0},{"o":{"x":0.167,"y":0.167},"i":{"x":0.833,"y":0.833},"s":[80,80,100],"t":7},{"s":[100,100,100],"t":16.0000006516934}],"ix":6},"sk":{"a":0,"k":0},"p":{"a":1,"k":[{"o":{"x":0.333,"y":0},"i":{"x":0.833,"y":0.833},"s":[33.492,44.742,0],"t":0,"ti":[0,0,0],"to":[0,-2.167,0]},{"o":{"x":0.302,"y":0},"i":{"x":0.71,"y":0.913},"s":[33.492,31.742,0],"t":8,"ti":[0,-3.027,0],"to":[0,0,0]},{"o":{"x":0.215,"y":1},"i":{"x":0.833,"y":0.833},"s":[33.492,41.694,0],"t":12,"ti":[0,-0.493,0],"to":[0,1.27,0]},{"s":[33.492,44.742,0],"t":31.0000012626559}],"ix":2},"r":{"a":0,"k":0,"ix":10},"sa":{"a":0,"k":0},"o":{"a":0,"k":100,"ix":11}},"ef":[],"shapes":[{"ty":"gr","bm":0,"hd":false,"mn":"ADBE Vector Group","nm":"Ellipse 1","ix":1,"cix":2,"np":3,"it":[{"ty":"el","bm":0,"hd":false,"mn":"ADBE Vector Shape - Ellipse","nm":"Ellipse Path 1","d":1,"p":{"a":0,"k":[0,0],"ix":3},"s":{"a":0,"k":[26.984,26.984],"ix":2}},{"ty":"st","bm":0,"hd":false,"mn":"ADBE Vector Graphic - Stroke","nm":"Stroke 1","lc":1,"lj":1,"ml":4,"o":{"a":0,"k":100,"ix":4},"w":{"a":0,"k":0,"ix":5},"c":{"a":0,"k":[1,1,1],"ix":3}},{"ty":"fl","bm":0,"hd":false,"mn":"ADBE Vector Graphic - Fill","nm":"Fill 1","c":{"a":0,"k":[0.1843,0.1882,0.2],"ix":4},"r":1,"o":{"a":0,"k":100,"ix":5}},{"ty":"tr","a":{"a":0,"k":[0,0],"ix":1},"s":{"a":0,"k":[100,100],"ix":3},"sk":{"a":0,"k":0,"ix":4},"p":{"a":0,"k":[-7.508,2.492],"ix":2},"r":{"a":0,"k":0,"ix":6},"sa":{"a":0,"k":0,"ix":5},"o":{"a":0,"k":100,"ix":7}}]}],"ind":3}],"v":"4.8.0","fr":29.9700012207031,"op":40.0000016292334,"ip":0,"assets":[]}